{"Labels": {"_type": "images/separated", "width": 1600, "height": 1600, "format": "jpg", "count": 2, "filenames": ["media/images/Labels_0_0.jpg", "media/images/Labels_0_1.jpg"], "captions": ["labels.jpg", "labels_correlogram.jpg"]}, "Mosaics": {"_type": "images/separated", "width": 1920, "height": 1920, "format": "jpg", "count": 3, "filenames": ["media/images/Mosaics_0_0.jpg", "media/images/Mosaics_0_1.jpg", "media/images/Mosaics_0_2.jpg"], "captions": ["train_batch0.jpg", "train_batch1.jpg", "train_batch2.jpg"]}, "train/box_loss": 0.03433019295334816, "train/obj_loss": 0.04333033785223961, "train/cls_loss": 0.030996307730674744, "metrics/precision": 0.3063027372749091, "metrics/recall": 0.3512531569138582, "metrics/mAP_0.5": 0.2902749558798864, "metrics/mAP_0.5:0.95": 0.19167725718159664, "val/box_loss": 0.03710559383034706, "val/obj_loss": 0.030157174915075302, "val/cls_loss": 0.04181394353508949, "x/lr0": 0.009891625428724363, "x/lr1": 0.009891625428724363, "x/lr2": 0.009891625428724363, "_timestamp": 1648779914, "_runtime": 2553, "_step": 8}