{"Labels": {"_type": "images/separated", "width": 1600, "height": 1600, "format": "jpg", "count": 2, "filenames": ["media/images/Labels_0_0.jpg", "media/images/Labels_0_1.jpg"], "captions": ["labels.jpg", "labels_correlogram.jpg"]}, "Mosaics": {"_type": "images/separated", "width": 1920, "height": 1920, "format": "jpg", "count": 3, "filenames": ["media/images/Mosaics_0_0.jpg", "media/images/Mosaics_0_1.jpg", "media/images/Mosaics_0_2.jpg"], "captions": ["train_batch0.jpg", "train_batch1.jpg", "train_batch2.jpg"]}, "train/box_loss": 0.0665508359670639, "train/obj_loss": 0.05389205366373062, "train/cls_loss": 0.05376426875591278, "metrics/precision": 0.22013218600435414, "metrics/recall": 0.29062388592023736, "metrics/mAP_0.5": 0.16460886974492292, "metrics/mAP_0.5:0.95": 0.07985984768557569, "val/box_loss": 0.04436084255576134, "val/obj_loss": 0.026358556002378464, "val/cls_loss": 0.04420772194862366, "x/lr0": 0.0032400000000000003, "x/lr1": 0.0032400000000000003, "x/lr2": 0.07084, "_timestamp": 1648777245, "_runtime": 365, "_step": 0, "_wandb": {"runtime": 396}}